{
  "daily": [
    {
      "date": "2025-09-01",
      "spend": 24866.78,
      "revenue": 45500.91,
      "orders": 48
    },
    {
      "date": "2025-09-02",
      "spend": 26914.37,
      "revenue": 49374.89,
      "orders": 50
    },
    {
      "date": "2025-09-03",
      "spend": 24712.34,
      "revenue": 56352.62,
      "orders": 61
    },
    {
      "date": "2025-09-04",
      "spend": 25587.03,
      "revenue": 58113.76,
      "orders": 61
    },
    {
      "date": "2025-09-05",
      "spend": 23698.09,
      "revenue": 70936.85,
      "orders": 70
    },
    {
      "date": "2025-09-06",
      "spend": 24265.4,
      "revenue": 56981.62,
      "orders": 49
    },
    {
      "date": "2025-09-07",
      "spend": 27644.31,
      "revenue": 62755.61,
      "orders": 78
    },
    {
      "date": "2025-09-08",
      "spend": 28469.2,
      "revenue": 53964.78,
      "orders": 48
    },
    {
      "date": "2025-09-09",
      "spend": 27848.18,
      "revenue": 75152.58,
      "orders": 75
    },
    {
      "date": "2025-09-10",
      "spend": 26481.59,
      "revenue": 56311.89,
      "orders": 48
    },
    {
      "date": "2025-09-11",
      "spend": 24894.39,
      "revenue": 71585.92,
      "orders": 60
    },
    {
      "date": "2025-09-12",
      "spend": 40887.08,
      "revenue": 113877.2,
      "orders": 117
    },
    {
      "date": "2025-09-13",
      "spend": 24783.94,
      "revenue": 66414.94,
      "orders": 71
    },
    {
      "date": "2025-09-14",
      "spend": 36737.8,
      "revenue": 86295.25,
      "orders": 84
    },
    {
      "date": "2025-09-15",
      "spend": 34215.24,
      "revenue": 75762.25,
      "orders": 75
    },
    {
      "date": "2025-09-16",
      "spend": 35440.92,
      "revenue": 73840.6,
      "orders": 84
    },
    {
      "date": "2025-09-17",
      "spend": 30396.2,
      "revenue": 69430.43,
      "orders": 79
    },
    {
      "date": "2025-09-18",
      "spend": 27236.44,
      "revenue": 71125.47,
      "orders": 74
    },
    {
      "date": "2025-09-19",
      "spend": 30845.6,
      "revenue": 84225.54,
      "orders": 75
    },
    {
      "date": "2025-09-20",
      "spend": 34402.62,
      "revenue": 109933.61,
      "orders": 107
    },
    {
      "date": "2025-09-21",
      "spend": 42582.12,
      "revenue": 112016.26,
      "orders": 98
    },
    {
      "date": "2025-09-22",
      "spend": 31491.32,
      "revenue": 71733.84,
      "orders": 71
    },
    {
      "date": "2025-09-23",
      "spend": 31692.66,
      "revenue": 80364.89,
      "orders": 72
    },
    {
      "date": "2025-09-24",
      "spend": 30572.28,
      "revenue": 67892.09,
      "orders": 69
    }
  ],
  "totals": {
    "spend": 716665.91,
    "revenue": 1739943.8,
    "roas": 2.43,
    "orders": 1671,
    "cac": 428.88
  },
  "channels": {
    "meta": {
      "totals": {
        "spend": 559965.94,
        "revenue": 1375443.82,
        "roas": 2.46,
        "orders": 1352,
        "cac": 414.18
      },
      "daily": [
        {
          "date": "2025-09-01",
          "spend": 19093.92,
          "revenue": 38874.04,
          "orders": 39
        },
        {
          "date": "2025-09-02",
          "spend": 20377.96,
          "revenue": 36466.86,
          "orders": 36
        },
        {
          "date": "2025-09-03",
          "spend": 18678.41,
          "revenue": 44968.19,
          "orders": 47
        },
        {
          "date": "2025-09-04",
          "spend": 18040.03,
          "revenue": 43150.46,
          "orders": 46
        },
        {
          "date": "2025-09-05",
          "spend": 19692.0,
          "revenue": 52212.44,
          "orders": 54
        },
        {
          "date": "2025-09-06",
          "spend": 17554.51,
          "revenue": 33781.0,
          "orders": 34
        },
        {
          "date": "2025-09-07",
          "spend": 21533.7,
          "revenue": 58759.49,
          "orders": 64
        },
        {
          "date": "2025-09-08",
          "spend": 19822.3,
          "revenue": 34252.4,
          "orders": 34
        },
        {
          "date": "2025-09-09",
          "spend": 19952.17,
          "revenue": 49901.5,
          "orders": 56
        },
        {
          "date": "2025-09-10",
          "spend": 20369.32,
          "revenue": 51637.8,
          "orders": 41
        },
        {
          "date": "2025-09-11",
          "spend": 20259.55,
          "revenue": 54414.31,
          "orders": 46
        },
        {
          "date": "2025-09-12",
          "spend": 33685.81,
          "revenue": 91962.96,
          "orders": 93
        },
        {
          "date": "2025-09-13",
          "spend": 19054.58,
          "revenue": 48690.27,
          "orders": 50
        },
        {
          "date": "2025-09-14",
          "spend": 29902.41,
          "revenue": 65984.88,
          "orders": 72
        },
        {
          "date": "2025-09-15",
          "spend": 27781.87,
          "revenue": 62461.87,
          "orders": 59
        },
        {
          "date": "2025-09-16",
          "spend": 29833.06,
          "revenue": 63436.29,
          "orders": 70
        },
        {
          "date": "2025-09-17",
          "spend": 23572.74,
          "revenue": 62495.23,
          "orders": 62
        },
        {
          "date": "2025-09-18",
          "spend": 21074.18,
          "revenue": 63252.6,
          "orders": 59
        },
        {
          "date": "2025-09-19",
          "spend": 23481.19,
          "revenue": 54431.33,
          "orders": 56
        },
        {
          "date": "2025-09-20",
          "spend": 25479.36,
          "revenue": 96244.83,
          "orders": 87
        },
        {
          "date": "2025-09-21",
          "spend": 34637.25,
          "revenue": 80570.68,
          "orders": 76
        },
        {
          "date": "2025-09-22",
          "spend": 25904.35,
          "revenue": 66633.82,
          "orders": 61
        },
        {
          "date": "2025-09-23",
          "spend": 25162.17,
          "revenue": 68312.77,
          "orders": 59
        },
        {
          "date": "2025-09-24",
          "spend": 25023.1,
          "revenue": 52547.8,
          "orders": 51
        }
      ]
    },
    "google": {
      "totals": {
        "spend": 156699.97,
        "revenue": 472508.54,
        "roas": 3.02,
        "orders": 372,
        "cac": 421.24
      },
      "daily": [
        {
          "date": "2025-09-01",
          "spend": 5772.86,
          "revenue": 16580.13,
          "orders": 9
        },
        {
          "date": "2025-09-02",
          "spend": 6536.41,
          "revenue": 17669.78,
          "orders": 14
        },
        {
          "date": "2025-09-03",
          "spend": 6033.93,
          "revenue": 17773.23,
          "orders": 14
        },
        {
          "date": "2025-09-04",
          "spend": 7547.0,
          "revenue": 21895.36,
          "orders": 15
        },
        {
          "date": "2025-09-05",
          "spend": 4006.09,
          "revenue": 18603.41,
          "orders": 16
        },
        {
          "date": "2025-09-06",
          "spend": 6710.89,
          "revenue": 21547.71,
          "orders": 15
        },
        {
          "date": "2025-09-07",
          "spend": 6110.61,
          "revenue": 13143.5,
          "orders": 14
        },
        {
          "date": "2025-09-08",
          "spend": 8646.9,
          "revenue": 17783.72,
          "orders": 14
        },
        {
          "date": "2025-09-09",
          "spend": 7896.01,
          "revenue": 24664.56,
          "orders": 19
        },
        {
          "date": "2025-09-10",
          "spend": 6112.27,
          "revenue": 5444.5,
          "orders": 7
        },
        {
          "date": "2025-09-11",
          "spend": 4634.84,
          "revenue": 17310.1,
          "orders": 14
        },
        {
          "date": "2025-09-12",
          "spend": 7201.27,
          "revenue": 31366.01,
          "orders": 24
        },
        {
          "date": "2025-09-13",
          "spend": 5729.36,
          "revenue": 24358.94,
          "orders": 21
        },
        {
          "date": "2025-09-14",
          "spend": 6835.39,
          "revenue": 16784.88,
          "orders": 12
        },
        {
          "date": "2025-09-15",
          "spend": 6433.37,
          "revenue": 20104.63,
          "orders": 16
        },
        {
          "date": "2025-09-16",
          "spend": 5607.86,
          "revenue": 13629.34,
          "orders": 14
        },
        {
          "date": "2025-09-17",
          "spend": 6823.46,
          "revenue": 23302.06,
          "orders": 17
        },
        {
          "date": "2025-09-18",
          "spend": 6162.26,
          "revenue": 19869.56,
          "orders": 15
        },
        {
          "date": "2025-09-19",
          "spend": 7364.41,
          "revenue": 20866.34,
          "orders": 19
        },
        {
          "date": "2025-09-20",
          "spend": 8923.26,
          "revenue": 32536.87,
          "orders": 20
        },
        {
          "date": "2025-09-21",
          "spend": 7944.87,
          "revenue": 30839.27,
          "orders": 22
        },
        {
          "date": "2025-09-22",
          "spend": 5586.97,
          "revenue": 11587.9,
          "orders": 10
        },
        {
          "date": "2025-09-23",
          "spend": 6530.49,
          "revenue": 15922.31,
          "orders": 13
        },
        {
          "date": "2025-09-24",
          "spend": 5549.18,
          "revenue": 18924.44,
          "orders": 18
        }
      ]
    }
  }
}